Diwali Showcase,Come celebrate and learn about the Hindu holiday of Diwali!,2018-10-23,19:00:00,21:00:00,102,Ballroom,10,show,1,1002,100
Recruitment,Come meet and greet the brothers of Phi Delta Theta!,2018-11-1,18:00:00,20:00:00,105,,11,meeting,1,1001,107
Homecoming Concert,Keri Hilson is going to rock the stage.,2018-11-4,20:00:00,23:30:00,106,,12,concert,0,1004,106
Recruitment,Come meet and greet the brothers of Phi Delta Theta!,2018-11-27,18:00:00,20:00:00,105,,13,meeting,1,1001,107
Recruitment,Come meet and greet the brothers of Phi Delta Theta!,2018-11-29,18:00:00,20:00:00,105,,14,meeting,1,1001,107
Recruitment,Come meet and greet the brothers of Phi Delta Theta!,2018-12-1,18:00:00,20:00:00,105,,15,meeting,1,1001,107
Ice Cream Social,Scoop up dessert with your favorite club.,2018-12-1,17:00:00,18:00:00,101,Lobby,16,Social,1,1003,102
Blood Drive,Help save lives by giving blood.,2018-11-30,18:00:00,21:00:00,108,Basketball Court,17,Service,1,1003,102
Food Drive,Help save lives by donating food.,2018-11-27,5:00:00,19:00:00,103,Lobby,18,Service,1,1003,102
